id,sentiment
5000,0
5001,0
5002,0
5003,0
5004,0
5005,1
5006,1
5007,1
5008,0
5009,1
5010,0
5011,1
5012,1
5013,0
5014,0
5015,1
5016,1
5017,0
5018,1
5019,0
5020,0
5021,1
5022,0
5023,1
5024,0
5025,1
5026,0
5027,1
5028,1
5029,0
5030,0
5031,1
5032,1
5033,1
5034,0
5035,0
5036,0
5037,0
5038,1
5039,0
5040,0
5041,1
5042,1
5043,0
5044,1
5045,0
5046,1
5047,1
5048,1
5049,0
5050,1
5051,0
5052,0
5053,0
5054,0
5055,1
5056,0
5057,1
5058,1
5059,0
5060,1
5061,0
5062,1
5063,0
5064,1
5065,0
5066,0
5067,0
5068,0
5069,1
5070,0
5071,1
5072,1
5073,0
5074,0
5075,0
5076,0
5077,0
5078,0
5079,0
5080,0
5081,0
5082,0
5083,0
5084,0
5085,0
5086,0
5087,0
5088,0
5089,1
5090,1
5091,1
5092,0
5093,0
5094,0
5095,0
5096,1
5097,1
5098,1
5099,0
5100,0
5101,1
5102,0
5103,0
5104,0
5105,0
5106,0
5107,1
5108,1
5109,1
5110,1
5111,1
5112,0
5113,0
5114,1
5115,1
5116,0
5117,1
5118,1
5119,0
5120,1
5121,1
5122,1
5123,1
5124,0
5125,0
5126,1
5127,0
5128,0
5129,0
5130,1
5131,1
5132,0
5133,1
5134,0
5135,1
5136,1
5137,0
5138,0
5139,0
5140,1
5141,0
5142,0
5143,0
5144,1
5145,0
5146,0
5147,1
5148,0
5149,0
5150,1
5151,1
5152,1
5153,0
5154,0
5155,0
5156,1
5157,1
5158,1
5159,1
5160,1
5161,1
5162,1
5163,0
5164,0
5165,0
5166,0
5167,0
5168,1
5169,0
5170,1
5171,1
5172,1
5173,0
5174,0
5175,0
5176,0
5177,0
5178,0
5179,0
5180,0
5181,1
5182,0
5183,0
5184,1
5185,0
5186,1
5187,1
5188,1
5189,0
5190,0
5191,0
5192,0
5193,1
5194,0
5195,0
5196,0
5197,1
5198,1
5199,0
5200,0
5201,0
5202,0
5203,1
5204,1
5205,0
5206,1
5207,0
5208,1
5209,0
5210,0
5211,1
5212,1
5213,1
5214,1
5215,1
5216,1
5217,0
5218,1
5219,0
5220,1
5221,1
5222,0
5223,0
5224,1
5225,1
5226,1
5227,1
5228,1
5229,0
5230,0
5231,0
5232,0
5233,0
5234,1
5235,1
5236,1
5237,0
5238,0
5239,1
5240,1
5241,0
5242,1
5243,1
5244,1
5245,0
5246,1
5247,0
5248,0
5249,1
5250,1
5251,1
5252,0
5253,0
5254,1
5255,1
5256,0
5257,0
5258,1
5259,1
5260,0
5261,1
5262,0
5263,0
5264,1
5265,0
5266,1
5267,0
5268,0
5269,1
5270,0
5271,0
5272,0
5273,0
5274,1
5275,1
5276,0
5277,0
5278,1
5279,1
5280,0
5281,0
5282,1
5283,0
5284,1
5285,1
5286,1
5287,0
5288,1
5289,1
5290,0
5291,0
5292,1
5293,0
5294,0
5295,0
5296,0
5297,0
5298,1
5299,1
5300,1
5301,1
5302,1
5303,1
5304,1
5305,0
5306,1
5307,1
5308,0
5309,1
5310,0
5311,1
5312,0
5313,1
5314,0
5315,0
5316,1
5317,1
5318,1
5319,1
5320,0
5321,1
5322,1
5323,1
5324,1
5325,1
5326,0
5327,1
5328,0
5329,1
5330,0
5331,0
5332,1
5333,0
5334,0
5335,0
5336,1
5337,1
5338,0
5339,0
5340,0
5341,0
5342,0
5343,1
5344,0
5345,0
5346,0
5347,0
5348,1
5349,1
5350,0
5351,0
5352,1
5353,0
5354,1
5355,0
5356,0
5357,0
5358,1
5359,0
5360,1
5361,0
5362,1
5363,1
5364,0
5365,0
5366,1
5367,0
5368,0
5369,1
5370,1
5371,0
5372,0
5373,0
5374,1
5375,1
5376,1
5377,1
5378,1
5379,1
5380,0
5381,1
5382,0
5383,1
5384,0
5385,0
5386,0
5387,1
5388,0
5389,0
5390,1
5391,0
5392,0
5393,0
5394,1
5395,1
5396,1
5397,1
5398,0
5399,1
5400,1
5401,0
5402,1
5403,0
5404,1
5405,0
5406,0
5407,0
5408,0
5409,0
5410,1
5411,0
5412,0
5413,0
5414,0
5415,0
5416,1
5417,1
5418,0
5419,1
5420,1
5421,0
5422,0
5423,0
5424,1
5425,0
5426,0
5427,0
5428,1
5429,1
5430,1
5431,1
5432,0
5433,0
5434,0
5435,1
5436,0
5437,1
5438,0
5439,0
5440,1
5441,0
5442,0
5443,1
5444,0
5445,1
5446,0
5447,1
5448,0
5449,0
5450,0
5451,1
5452,0
5453,0
5454,0
5455,1
5456,1
5457,0
5458,1
5459,1
5460,0
5461,1
5462,0
5463,0
5464,0
5465,0
5466,0
5467,1
5468,1
5469,1
5470,1
5471,1
5472,0
5473,0
5474,0
5475,0
5476,1
5477,1
5478,1
5479,0
5480,0
5481,0
5482,0
5483,0
5484,0
5485,0
5486,0
5487,0
5488,1
5489,0
5490,1
5491,1
5492,0
5493,1
5494,1
5495,1
5496,0
5497,0
5498,0
5499,0
5500,1
5501,0
5502,0
5503,0
5504,1
5505,0
5506,0
5507,0
5508,0
5509,0
5510,0
5511,0
5512,1
5513,1
5514,0
5515,0
5516,1
5517,0
5518,1
5519,0
5520,0
5521,0
5522,0
5523,0
5524,0
5525,1
5526,1
5527,0
5528,0
5529,0
5530,0
5531,0
5532,1
5533,0
5534,0
5535,0
5536,1
5537,0
5538,1
5539,1
5540,1
5541,1
5542,0
5543,0
5544,0
5545,0
5546,0
5547,0
5548,1
5549,0
5550,1
5551,0
5552,1
5553,0
5554,0
5555,0
5556,0
5557,0
5558,1
5559,1
5560,0
5561,1
5562,0
5563,1
5564,1
5565,1
5566,0
5567,1
5568,0
5569,0
5570,0
5571,0
5572,0
5573,1
5574,0
5575,1
5576,0
5577,0
5578,1
5579,0
5580,0
5581,1
5582,1
5583,1
5584,0
5585,1
5586,0
5587,0
5588,0
5589,1
5590,1
5591,0
5592,1
5593,1
5594,1
5595,0
5596,0
5597,1
5598,0
5599,0
5600,0
5601,0
5602,1
5603,0
5604,0
5605,0
5606,0
5607,1
5608,0
5609,0
5610,1
5611,0
5612,0
5613,1
5614,0
5615,1
5616,0
5617,0
5618,1
5619,1
5620,0
5621,0
5622,0
5623,1
5624,1
5625,0
5626,1
5627,1
5628,0
5629,0
5630,0
5631,1
5632,0
5633,1
5634,0
5635,0
5636,1
5637,1
5638,1
5639,0
5640,1
5641,1
5642,0
5643,1
5644,0
5645,1
5646,0
5647,0
5648,0
5649,1
5650,0
5651,0
5652,0
5653,0
5654,1
5655,0
5656,1
5657,0
5658,1
5659,0
5660,1
5661,1
5662,0
5663,1
5664,0
5665,0
5666,1
5667,1
5668,0
5669,0
5670,0
5671,0
5672,1
5673,0
5674,1
5675,1
5676,0
5677,0
5678,0
5679,0
5680,0
5681,1
5682,0
5683,0
5684,1
5685,1
5686,1
5687,0
5688,0
5689,0
5690,0
5691,1
5692,1
5693,0
5694,1
5695,0
5696,0
5697,0
5698,0
5699,0
5700,0
5701,0
5702,0
5703,1
5704,0
5705,1
5706,1
5707,0
5708,0
5709,0
5710,1
5711,0
5712,1
5713,0
5714,1
5715,0
5716,0
5717,1
5718,0
5719,1
5720,1
5721,0
5722,1
5723,1
5724,0
5725,0
5726,0
5727,1
5728,0
5729,0
5730,0
5731,1
5732,1
5733,1
5734,1
5735,1
5736,0
5737,0
5738,1
5739,1
5740,1
5741,1
5742,1
5743,1
5744,0
5745,0
5746,0
5747,1
5748,0
5749,1
5750,1
5751,1
5752,0
5753,0
5754,0
5755,0
5756,0
5757,1
5758,1
5759,0
5760,0
5761,0
5762,1
5763,1
5764,1
5765,0
5766,1
5767,1
5768,1
5769,0
5770,1
5771,1
5772,1
5773,0
5774,0
5775,0
5776,1
5777,0
5778,1
5779,0
5780,0
5781,0
5782,1
5783,0
5784,0
5785,1
5786,0
5787,1
5788,0
5789,1
5790,1
5791,0
5792,0
5793,1
5794,0
5795,1
5796,0
5797,1
5798,1
5799,0
5800,1
5801,1
5802,0
5803,1
5804,0
5805,1
5806,1
5807,1
5808,0
5809,0
5810,1
5811,1
5812,0
5813,0
5814,1
5815,1
5816,0
5817,0
5818,0
5819,0
5820,1
5821,0
5822,0
5823,0
5824,1
5825,0
5826,1
5827,0
5828,1
5829,0
5830,1
5831,0
5832,0
5833,0
5834,0
5835,1
5836,1
5837,0
5838,0
5839,0
5840,0
5841,1
5842,0
5843,1
5844,1
5845,1
5846,1
5847,0
5848,1
5849,0
5850,1
5851,0
5852,1
5853,0
5854,1
5855,0
5856,0
5857,0
5858,0
5859,0
5860,1
5861,0
5862,0
5863,0
5864,0
5865,1
5866,1
5867,1
5868,0
5869,0
5870,0
5871,0
5872,0
5873,0
5874,0
5875,1
5876,1
5877,1
5878,0
5879,1
5880,0
5881,1
5882,1
5883,1
5884,1
5885,0
5886,0
5887,1
5888,1
5889,0
5890,1
5891,1
5892,1
5893,0
5894,0
5895,0
5896,0
5897,1
5898,0
5899,1
5900,0
5901,0
5902,0
5903,1
5904,1
5905,0
5906,1
5907,1
5908,0
5909,1
5910,0
5911,1
5912,1
5913,1
5914,1
5915,1
5916,0
5917,0
5918,0
5919,0
5920,1
5921,1
5922,0
5923,1
5924,0
5925,0
5926,0
5927,0
5928,1
5929,0
5930,1
5931,1
5932,0
5933,0
5934,1
5935,0
5936,1
5937,0
5938,0
5939,0
5940,1
5941,0
5942,0
5943,0
5944,1
5945,1
5946,1
5947,0
5948,0
5949,1
5950,1
5951,0
5952,0
5953,0
5954,0
5955,1
5956,0
5957,1
5958,0
5959,0
5960,1
5961,0
5962,0
5963,0
5964,0
5965,0
5966,0
5967,1
5968,0
5969,0
5970,0
5971,0
5972,0
5973,0
5974,1
5975,1
5976,0
5977,0
5978,0
5979,1
5980,0
5981,1
5982,0
5983,0
5984,0
5985,0
5986,0
5987,0
5988,0
5989,1
5990,0
5991,0
5992,1
5993,1
5994,0
5995,1
5996,1
5997,1
5998,0
5999,1
6000,1
6001,0
6002,1
6003,1
6004,0
6005,0
6006,1
6007,1
6008,0
6009,0
6010,1
6011,1
6012,0
6013,0
6014,1
6015,1
6016,0
6017,0
6018,1
6019,1
6020,1
6021,1
6022,0
6023,0
6024,0
6025,0
6026,1
6027,1
6028,0
6029,0
6030,1
6031,1
6032,0
6033,1
6034,1
6035,0
6036,1
6037,1
6038,1
6039,1
6040,0
6041,1
6042,1
6043,0
6044,0
6045,1
6046,1
6047,1
6048,0
6049,0
6050,0
6051,0
6052,1
6053,1
6054,1
6055,0
6056,0
6057,0
6058,1
6059,1
6060,0
6061,1
6062,0
6063,0
6064,0
6065,1
6066,0
6067,0
6068,1
6069,1
6070,0
6071,0
6072,1
6073,0
6074,0
6075,0
6076,1
6077,0
6078,0
6079,1
6080,1
6081,1
6082,0
6083,0
6084,1
6085,0
6086,0
6087,1
6088,0
6089,1
6090,1
6091,0
6092,1
6093,0
6094,0
6095,0
6096,0
6097,0
6098,0
6099,1
6100,1
6101,0
6102,1
6103,0
6104,1
6105,1
6106,1
6107,0
6108,0
6109,0
6110,1
6111,0
6112,0
6113,1
6114,1
6115,0
6116,0
6117,0
6118,0
6119,0
6120,1
6121,1
6122,0
6123,0
6124,1
6125,0
6126,0
6127,1
6128,0
6129,0
6130,0
6131,0
6132,0
6133,1
6134,0
6135,0
6136,1
6137,0
6138,0
6139,1
6140,0
6141,0
6142,1
6143,1
6144,0
6145,0
6146,0
6147,0
6148,0
6149,1
6150,1
6151,0
6152,1
6153,0
6154,0
6155,0
6156,0
6157,0
6158,1
6159,1
6160,1
6161,0
6162,1
6163,0
6164,1
6165,1
6166,0
6167,1
6168,0
6169,0
6170,0
6171,0
6172,0
6173,0
6174,0
6175,1
6176,0
6177,1
6178,0
6179,1
6180,0
6181,0
6182,1
6183,0
6184,0
6185,1
6186,1
6187,1
6188,0
6189,0
6190,0
6191,0
6192,0
6193,1
6194,1
6195,1
6196,0
6197,0
6198,1
6199,0
6200,1
6201,0
6202,0
6203,1
6204,1
6205,1
6206,1
6207,1
6208,1
6209,1
6210,1
6211,0
6212,1
6213,1
6214,1
6215,0
6216,1
6217,0
6218,1
6219,1
6220,0
6221,1
6222,0
6223,1
6224,1
6225,0
6226,0
6227,1
6228,1
6229,1
6230,0
6231,1
6232,0
6233,0
6234,1
6235,1
6236,0
6237,1
6238,0
6239,0
6240,1
6241,1
6242,1
6243,0
6244,0
6245,1
6246,1
6247,1
6248,0
6249,0
6250,0
6251,1
6252,0
6253,1
6254,1
6255,0
6256,1
6257,0
6258,1
6259,1
6260,0
6261,0
6262,0
6263,0
6264,0
6265,0
6266,0
6267,1
6268,0
6269,0
6270,1
6271,0
6272,1
6273,0
6274,0
6275,1
6276,0
6277,0
6278,1
6279,1
6280,0
6281,0
6282,0
6283,0
6284,1
6285,1
6286,0
6287,1
6288,1
6289,1
6290,1
6291,1
6292,1
6293,0
6294,1
6295,0
6296,1
6297,0
6298,0
6299,1
6300,0
6301,1
6302,0
6303,0
6304,0
6305,0
6306,1
6307,1
6308,0
6309,0
6310,1
6311,0
6312,0
6313,0
6314,0
6315,0
6316,0
6317,0
6318,1
6319,1
6320,1
6321,1
6322,1
6323,1
6324,1
6325,0
6326,1
6327,1
6328,1
6329,1
6330,0
6331,1
6332,0
6333,1
6334,1
6335,0
6336,0
6337,0
6338,0
6339,0
6340,1
6341,1
6342,1
6343,1
6344,0
6345,1
6346,1
6347,0
6348,1
6349,0
6350,0
6351,1
6352,0
6353,0
6354,1
6355,0
6356,1
6357,0
6358,1
6359,1
6360,0
6361,0
6362,0
6363,1
6364,0
6365,0
6366,1
6367,1
6368,1
6369,0
6370,1
6371,0
6372,0
6373,0
6374,0
6375,0
6376,1
6377,0
6378,0
6379,0
6380,1
6381,0
6382,0
6383,0
6384,0
6385,0
6386,0
6387,0
6388,0
6389,1
6390,0
6391,1
6392,0
6393,0
6394,0
6395,1
6396,1
6397,0
6398,1
6399,0
6400,1
6401,0
6402,0
6403,0
6404,0
6405,0
6406,0
6407,0
6408,0
6409,0
6410,1
6411,0
6412,1
6413,1
6414,1
6415,1
6416,1
6417,0
6418,0
6419,1
6420,0
6421,0
6422,1
6423,1
6424,0
6425,1
6426,0
6427,0
6428,0
6429,1
6430,0
6431,1
6432,0
6433,0
6434,1
6435,1
6436,0
6437,0
6438,1
6439,1
6440,0
6441,1
6442,1
6443,1
6444,1
6445,1
6446,0
6447,0
6448,0
6449,0
6450,0
6451,1
6452,1
6453,0
6454,1
6455,0
6456,0
6457,0
6458,1
6459,0
6460,1
6461,0
6462,1
6463,0
6464,0
6465,0
6466,0
6467,1
6468,0
6469,1
6470,1
6471,1
6472,0
6473,0
6474,0
6475,1
6476,0
6477,0
6478,0
6479,1
6480,1
6481,0
6482,1
6483,0
6484,0
6485,0
6486,0
6487,0
6488,1
6489,1
6490,0
6491,1
6492,0
6493,0
6494,0
6495,0
6496,0
6497,0
6498,1
6499,0
6500,0
6501,0
6502,0
6503,0
6504,1
6505,1
6506,0
6507,1
6508,0
6509,1
6510,0
6511,1
6512,1
6513,0
6514,0
6515,1
6516,1
6517,1
6518,0
6519,1
6520,1
6521,1
6522,0
6523,1
6524,0
6525,0
6526,1
6527,1
6528,0
6529,0
6530,1
6531,1
6532,0
6533,1
6534,0
6535,1
6536,0
6537,0
6538,0
6539,0
6540,0
6541,0
6542,0
6543,1
6544,1
6545,0
6546,0
6547,0
6548,1
6549,0
6550,0
6551,0
6552,1
6553,0
6554,1
6555,0
6556,0
6557,0
6558,1
6559,1
6560,0
6561,0
6562,0
6563,0
6564,1
6565,1
6566,1
6567,0
6568,0
6569,1
6570,1
6571,0
6572,0
6573,1
6574,0
6575,0
6576,0
6577,1
6578,1
6579,1
6580,1
6581,1
6582,1
6583,1
6584,0
6585,0
6586,0
6587,1
6588,0
6589,0
6590,0
6591,1
6592,0
6593,0
6594,1
6595,0
6596,0
6597,0
6598,0
6599,0
6600,1
6601,1
6602,0
6603,0
6604,1
6605,1
6606,1
6607,0
6608,0
6609,1
6610,0
6611,1
6612,0
6613,1
6614,0
6615,1
6616,0
6617,1
6618,1
6619,0
6620,0
6621,0
6622,0
6623,0
6624,1
6625,0
6626,0
6627,1
6628,1
6629,0
6630,1
6631,0
6632,0
6633,0
6634,0
6635,1
6636,0
6637,0
6638,0
6639,0
6640,0
6641,0
6642,1
6643,0
6644,1
6645,1
6646,1
6647,1
6648,0
6649,0
6650,1
6651,1
6652,0
6653,0
6654,0
6655,0
6656,1
6657,1
6658,0
6659,0
6660,1
6661,1
6662,1
6663,0
6664,0
6665,0
6666,0
6667,0
6668,1
6669,0
6670,0
6671,0
6672,1
6673,1
6674,1
6675,1
6676,1
6677,0
6678,0
6679,1
6680,0
6681,0
6682,1
6683,0
6684,1
6685,0
6686,0
6687,1
6688,0
6689,0
6690,0
6691,1
6692,1
6693,1
6694,0
6695,0
6696,0
6697,0
6698,1
6699,1
6700,0
6701,0
6702,0
6703,1
6704,0
6705,0
6706,0
6707,1
6708,0
6709,0
6710,0
6711,0
6712,0
6713,0
6714,1
6715,0
6716,0
6717,1
6718,1
6719,0
6720,1
6721,1
6722,1
6723,0
6724,0
6725,0
6726,1
6727,0
6728,0
6729,0
6730,0
6731,0
6732,1
6733,1
6734,1
6735,0
6736,0
6737,0
6738,1
6739,0
6740,0
6741,1
6742,0
6743,1
6744,1
6745,0
6746,0
6747,1
6748,0
6749,0
6750,0
6751,0
6752,0
6753,0
6754,1
6755,1
6756,0
6757,1
6758,0
6759,0
6760,1
6761,1
6762,0
6763,1
6764,1
6765,0
6766,1
6767,0
6768,1
6769,1
6770,0
6771,0
6772,1
6773,0
6774,0
6775,0
6776,1
6777,0
6778,1
6779,0
6780,0
6781,1
6782,0
6783,1
6784,1
6785,0
6786,1
6787,0
6788,1
6789,0
6790,0
6791,0
6792,0
6793,0
6794,1
6795,1
6796,0
6797,0
6798,0
6799,1
6800,0
6801,1
6802,0
6803,1
6804,1
6805,1
6806,1
6807,1
6808,0
6809,1
6810,0
6811,1
6812,0
6813,0
6814,0
6815,0
6816,0
6817,0
6818,1
6819,0
6820,0
6821,1
6822,0
6823,1
6824,0
6825,1
6826,1
6827,1
6828,1
6829,0
6830,1
6831,0
6832,0
6833,0
6834,1
6835,0
6836,1
6837,0
6838,0
6839,0
6840,1
6841,0
6842,1
6843,0
6844,0
6845,0
6846,0
6847,0
6848,0
6849,0
6850,1
6851,1
6852,0
6853,0
6854,0
6855,1
6856,0
6857,1
6858,0
6859,0
6860,0
6861,1
6862,0
6863,0
6864,0
6865,0
6866,1
6867,0
6868,0
6869,0
6870,1
6871,0
6872,0
6873,0
6874,0
6875,1
6876,1
6877,1
6878,1
6879,0
6880,1
6881,0
6882,0
6883,0
6884,1
6885,0
6886,1
6887,0
6888,1
6889,0
6890,0
6891,1
6892,1
6893,1
6894,1
6895,0
6896,0
6897,1
6898,1
6899,0
6900,1
6901,0
6902,0
6903,0
6904,0
6905,1
6906,0
6907,0
6908,1
6909,1
6910,0
6911,0
6912,1
6913,0
6914,0
6915,1
6916,1
6917,0
6918,1
6919,0
6920,1
6921,0
6922,0
6923,1
6924,1
6925,0
6926,0
6927,0
6928,0
6929,1
6930,0
6931,0
6932,0
6933,0
6934,1
6935,1
6936,1
6937,0
6938,1
6939,0
6940,0
6941,0
6942,0
6943,0
6944,0
6945,1
6946,1
6947,0
6948,0
6949,1
6950,0
6951,0
6952,1
6953,1
6954,0
6955,1
6956,0
6957,1
6958,1
6959,1
6960,0
6961,0
6962,1
6963,0
6964,0
6965,1
6966,0
6967,1
6968,0
6969,0
6970,1
6971,1
6972,0
6973,1
6974,1
6975,0
6976,1
6977,0
6978,1
6979,1
6980,0
6981,0
6982,0
6983,1
6984,1
6985,1
6986,0
6987,0
6988,0
6989,1
6990,0
6991,0
6992,0
6993,1
6994,1
6995,0
6996,0
6997,0
6998,0
6999,0
7000,1
7001,0
7002,0
7003,0
7004,0
7005,0
7006,0
7007,0
7008,1
7009,1
7010,0
7011,0
7012,1
7013,0
7014,0
7015,1
7016,0
7017,0
7018,0
7019,0
7020,0
7021,0
7022,0
7023,0
7024,1
7025,1
7026,1
7027,0
7028,1
7029,1
7030,1
7031,1
7032,1
7033,0
7034,0
7035,1
7036,0
7037,1
7038,0
7039,0
7040,1
7041,0
7042,1
7043,0
7044,0
7045,0
7046,0
7047,0
7048,0
7049,0
7050,0
7051,0
7052,0
7053,1
7054,1
7055,1
7056,0
7057,0
7058,0
7059,1
7060,1
7061,0
7062,0
7063,1
7064,1
7065,0
7066,0
7067,0
7068,0
7069,0
7070,0
7071,1
7072,1
7073,0
7074,0
7075,1
7076,1
7077,1
7078,0
7079,0
7080,0
7081,1
7082,0
7083,1
7084,1
7085,0
7086,1
7087,1
7088,1
7089,1
7090,1
7091,0
7092,0
7093,0
7094,1
7095,1
7096,0
7097,1
7098,0
7099,0
7100,1
7101,1
7102,0
7103,1
7104,1
7105,0
7106,0
7107,0
7108,0
7109,0
7110,1
7111,0
7112,1
7113,0
7114,1
7115,0
7116,0
7117,1
7118,0
7119,1
7120,1
7121,1
7122,0
7123,0
7124,1
7125,0
7126,1
7127,0
7128,0
7129,1
7130,1
7131,1
7132,0
7133,1
7134,0
7135,0
7136,0
7137,0
7138,0
7139,0
7140,0
7141,0
7142,0
7143,1
7144,0
7145,1
7146,1
7147,0
7148,1
7149,0
7150,1
7151,0
7152,1
7153,0
7154,0
7155,0
7156,1
7157,0
7158,1
7159,0
7160,0
7161,1
7162,0
7163,1
7164,0
7165,1
7166,0
7167,1
7168,1
7169,0
7170,0
7171,0
7172,1
7173,0
7174,0
7175,0
7176,0
7177,0
7178,1
7179,1
7180,1
7181,1
7182,0
7183,0
7184,1
7185,0
7186,1
7187,1
7188,1
7189,0
7190,0
7191,1
7192,1
7193,0
7194,1
7195,0
7196,1
7197,1
7198,0
7199,0
7200,0
7201,1
7202,0
7203,0
7204,0
7205,1
7206,0
7207,1
7208,0
7209,1
7210,0
7211,1
7212,0
7213,1
7214,0
7215,1
7216,0
7217,1
7218,0
7219,0
7220,1
7221,0
7222,1
7223,1
7224,0
7225,1
7226,0
7227,0
7228,0
7229,1
7230,0
7231,0
7232,0
7233,0
7234,1
7235,0
7236,0
7237,1
7238,1
7239,1
7240,0
7241,0
7242,0
7243,0
7244,0
7245,0
7246,0
7247,0
7248,1
7249,0
7250,1
7251,1
7252,1
7253,0
7254,1
7255,1
7256,1
7257,0
7258,0
7259,0
7260,0
7261,0
7262,0
7263,1
7264,0
7265,0
7266,0
7267,0
7268,1
7269,1
7270,0
7271,0
7272,0
7273,1
7274,0
7275,1
7276,1
7277,0
7278,0
7279,0
7280,0
7281,0
7282,0
7283,0
7284,0
7285,0
7286,0
7287,0
7288,0
7289,0
7290,0
7291,0
7292,0
7293,1
7294,1
7295,0
7296,0
7297,0
7298,0
7299,1
7300,0
7301,1
7302,0
7303,1
7304,1
7305,0
7306,1
7307,0
7308,0
7309,1
7310,0
7311,0
7312,1
7313,1
7314,0
7315,0
7316,0
7317,0
7318,0
7319,0
7320,0
7321,0
7322,1
7323,0
7324,0
7325,0
7326,1
7327,1
7328,1
7329,0
7330,0
7331,0
7332,0
7333,1
7334,1
7335,1
7336,0
7337,1
7338,0
7339,1
7340,1
7341,1
7342,1
7343,0
7344,0
7345,0
7346,0
7347,0
7348,1
7349,0
7350,1
7351,0
7352,1
7353,0
7354,0
7355,0
7356,0
7357,0
7358,1
7359,1
7360,1
7361,1
7362,1
7363,0
7364,0
7365,0
7366,0
7367,0
7368,1
7369,0
7370,1
7371,0
7372,0
7373,1
7374,0
7375,0
7376,0
7377,0
7378,1
7379,1
7380,0
7381,0
7382,0
7383,1
7384,0
7385,1
7386,0
7387,1
7388,1
7389,0
7390,1
7391,0
7392,1
7393,0
7394,1
7395,0
7396,0
7397,0
7398,0
7399,1
7400,0
7401,0
7402,0
7403,1
7404,1
7405,1
7406,0
7407,1
7408,1
7409,0
7410,0
7411,0
7412,1
7413,1
7414,1
7415,0
7416,1
7417,0
7418,0
7419,0
7420,1
7421,0
7422,1
7423,0
7424,0
7425,1
7426,1
7427,1
7428,0
7429,0
7430,1
7431,0
7432,1
7433,0
7434,1
7435,1
7436,0
7437,1
7438,1
7439,0
7440,1
7441,0
7442,0
7443,0
7444,1
7445,0
7446,0
7447,1
7448,1
7449,0
7450,1
7451,0
7452,1
7453,0
7454,1
7455,0
7456,1
7457,0
7458,0
7459,0
7460,1
7461,1
7462,0
7463,0
7464,0
7465,0
7466,0
7467,0
7468,0
7469,0
7470,1
7471,0
7472,0
7473,0
7474,0
7475,1
7476,0
7477,0
7478,1
7479,1
7480,1
7481,0
7482,1
7483,1
7484,0
7485,0
7486,0
7487,0
7488,1
7489,0
7490,1
7491,0
7492,1
7493,0
7494,1
7495,0
7496,1
7497,0
7498,0
7499,1
7500,1
7501,1
7502,0
7503,0
7504,1
7505,1
7506,1
7507,1
7508,1
7509,0
7510,1
7511,0
7512,0
7513,0
7514,1
7515,1
7516,1
7517,0
7518,0
7519,1
7520,0
7521,0
7522,1
7523,1
7524,1
7525,0
7526,1
7527,0
7528,1
7529,1
7530,1
7531,0
7532,0
7533,1
7534,0
7535,1
7536,0
7537,1
7538,0
7539,1
7540,1
7541,0
7542,1
7543,0
7544,0
7545,0
7546,1
7547,1
7548,0
7549,0
7550,0
7551,1
7552,1
7553,0
7554,0
7555,0
7556,1
7557,0
7558,1
7559,1
7560,1
7561,0
7562,0
7563,0
7564,0
7565,0
7566,0
7567,1
7568,1
7569,0
7570,0
7571,0
7572,0
7573,0
7574,0
7575,0
7576,1
7577,1
7578,0
7579,0
7580,1
7581,0
7582,0
7583,1
7584,0
7585,0
7586,1
7587,1
7588,0
7589,1
7590,1
7591,1
7592,1
7593,0
7594,0
7595,0
7596,0
7597,1
7598,1
7599,0
7600,1
7601,0
7602,0
7603,1
7604,1
7605,0
7606,0
7607,0
7608,0
7609,0
7610,0
7611,0
7612,0
7613,1
7614,0
7615,1
7616,1
7617,1
7618,1
7619,1
7620,0
7621,0
7622,1
7623,1
7624,0
7625,1
7626,0
7627,1
7628,1
7629,0
7630,0
7631,1
7632,1
7633,1
7634,1
7635,0
7636,0
7637,0
7638,1
7639,0
7640,1
7641,1
7642,1
7643,0
7644,1
7645,0
7646,1
7647,1
7648,1
7649,0
7650,1
7651,0
7652,0
7653,1
7654,0
7655,0
7656,0
7657,0
7658,0
7659,0
7660,0
7661,1
7662,0
7663,0
7664,0
7665,0
7666,1
7667,0
7668,1
7669,0
7670,1
7671,0
7672,0
7673,0
7674,1
7675,0
7676,1
7677,0
7678,1
7679,0
7680,1
7681,0
7682,1
7683,1
7684,0
7685,1
7686,0
7687,0
7688,0
7689,0
7690,0
7691,1
7692,1
7693,0
7694,1
7695,1
7696,0
7697,1
7698,1
7699,0
7700,0
7701,0
7702,1
7703,1
7704,0
7705,0
7706,0
7707,1
7708,0
7709,0
7710,1
7711,1
7712,1
7713,0
7714,0
7715,0
7716,1
7717,0
7718,1
7719,1
7720,1
7721,1
7722,1
7723,0
7724,0
7725,0
7726,0
7727,0
7728,0
7729,0
7730,0
7731,1
7732,1
7733,1
7734,1
7735,0
7736,1
7737,0
7738,0
7739,0
7740,1
7741,0
7742,1
7743,0
7744,1
7745,1
7746,1
7747,0
7748,0
7749,0
7750,1
7751,0
7752,1
7753,1
7754,1
7755,0
7756,0
7757,0
7758,1
7759,0
7760,1
7761,0
7762,0
7763,1
7764,1
7765,1
7766,1
7767,0
7768,1
7769,1
7770,1
7771,0
7772,1
7773,0
7774,0
7775,1
7776,1
7777,0
7778,0
7779,1
7780,0
7781,0
7782,0
7783,1
7784,0
7785,1
7786,1
7787,0
7788,0
7789,1
7790,1
7791,1
7792,1
7793,0
7794,0
7795,0
7796,1
7797,0
7798,1
7799,0
7800,1
7801,0
7802,0
7803,0
7804,0
7805,1
7806,0
7807,1
7808,1
7809,1
7810,1
7811,0
7812,0
7813,1
7814,1
7815,0
7816,1
7817,1
7818,1
7819,1
7820,0
7821,1
7822,0
7823,0
7824,1
7825,0
7826,1
7827,0
7828,1
7829,0
7830,1
7831,0
7832,1
7833,1
7834,0
7835,1
7836,0
7837,1
7838,1
7839,0
7840,0
7841,1
7842,0
7843,0
7844,1
7845,0
7846,1
7847,1
7848,1
7849,1
7850,0
7851,0
7852,1
7853,1
7854,0
7855,0
7856,0
7857,0
7858,1
7859,0
7860,0
7861,0
7862,0
7863,1
7864,0
7865,1
7866,0
7867,1
7868,0
7869,0
7870,1
7871,0
7872,0
7873,0
7874,1
7875,1
7876,0
7877,0
7878,1
7879,1
7880,0
7881,1
7882,1
7883,1
7884,0
7885,0
7886,0
7887,0
7888,0
7889,0
7890,0
7891,0
7892,1
7893,0
7894,1
7895,0
7896,0
7897,1
7898,0
7899,0
7900,1
7901,0
7902,0
7903,1
7904,1
7905,0
7906,1
7907,0
7908,1
7909,0
7910,0
7911,0
7912,0
7913,0
7914,1
7915,0
7916,1
7917,0
7918,0
7919,1
7920,1
7921,0
7922,0
7923,1
7924,0
7925,1
7926,1
7927,1
7928,1
7929,1
7930,0
7931,0
7932,0
7933,1
7934,1
7935,0
7936,0
7937,0
7938,0
7939,1
7940,0
7941,1
7942,1
7943,0
7944,0
7945,0
7946,0
7947,1
7948,1
7949,0
7950,0
7951,1
7952,0
7953,0
7954,0
7955,1
7956,0
7957,0
7958,0
7959,1
7960,0
7961,0
7962,0
7963,1
7964,0
7965,1
7966,0
7967,0
7968,0
7969,1
7970,1
7971,0
7972,1
7973,0
7974,1
7975,0
7976,0
7977,1
7978,1
7979,1
7980,0
7981,0
7982,0
7983,0
7984,0
7985,1
7986,1
7987,0
7988,0
7989,0
7990,1
7991,1
7992,1
7993,0
7994,1
7995,1
7996,0
7997,0
7998,0
7999,0
8000,0
8001,1
8002,0
8003,1
8004,1
8005,0
8006,0
8007,0
8008,0
8009,0
8010,1
8011,1
8012,1
8013,0
8014,0
8015,1
8016,1
8017,1
8018,1
8019,0
8020,0
8021,1
8022,1
8023,0
8024,1
8025,0
8026,1
8027,1
8028,0
8029,1
8030,0
8031,0
8032,1
8033,1
8034,0
8035,0
8036,1
8037,0
8038,1
8039,1
8040,0
8041,0
8042,0
8043,1
8044,1
8045,0
8046,0
8047,1
8048,0
8049,1
8050,1
8051,1
8052,1
8053,1
8054,1
8055,0
8056,0
8057,1
8058,0
8059,1
8060,0
8061,1
8062,1
8063,1
8064,1
8065,1
8066,1
8067,1
8068,1
8069,0
8070,0
8071,1
8072,1
8073,1
8074,0
8075,0
8076,0
8077,0
8078,1
8079,0
8080,0
8081,0
8082,1
8083,0
8084,0
8085,1
8086,1
8087,1
8088,0
8089,0
8090,0
8091,0
8092,0
8093,1
8094,1
8095,0
8096,0
8097,0
8098,0
8099,0
8100,0
8101,0
8102,1
8103,0
8104,0
8105,0
8106,0
8107,1
8108,0
8109,0
8110,1
8111,1
8112,1
8113,1
8114,0
8115,1
8116,0
8117,1
8118,0
8119,0
8120,1
8121,0
8122,0
8123,0
8124,0
8125,0
8126,0
8127,0
8128,1
8129,1
8130,0
8131,1
8132,0
8133,0
8134,0
8135,1
8136,0
8137,1
8138,1
8139,0
8140,1
8141,0
8142,0
8143,1
8144,1
8145,0
8146,1
8147,0
8148,0
8149,0
8150,0
8151,1
8152,0
8153,1
8154,1
8155,0
8156,1
8157,1
8158,0
8159,0
8160,0
8161,0
8162,0
8163,1
8164,1
8165,0
8166,0
8167,0
8168,1
8169,1
8170,1
8171,0
8172,0
8173,1
8174,0
8175,1
8176,0
8177,0
8178,0
8179,0
8180,0
8181,0
8182,0
8183,0
8184,1
8185,1
8186,0
8187,0
8188,0
8189,1
8190,1
8191,1
8192,1
8193,0
8194,1
8195,0
8196,1
8197,0
8198,0
8199,0
8200,1
8201,1
8202,0
8203,1
8204,0
8205,1
8206,0
8207,1
8208,0
8209,1
8210,0
8211,1
8212,1
8213,0
8214,0
8215,0
8216,0
8217,0
8218,1
8219,0
8220,0
8221,1
8222,0
8223,1
8224,1
8225,0
8226,0
8227,0
8228,1
8229,0
8230,1
8231,1
8232,0
8233,1
8234,0
8235,0
8236,1
8237,0
8238,1
8239,1
8240,0
8241,0
8242,1
8243,1
8244,0
8245,1
8246,0
8247,0
8248,1
8249,1
8250,1
8251,1
8252,0
8253,1
8254,0
8255,0
8256,1
8257,1
8258,1
8259,1
8260,0
8261,0
8262,1
8263,0
8264,0
8265,0
8266,0
8267,0
8268,1
8269,0
8270,0
8271,1
8272,0
8273,0
8274,0
8275,1
8276,0
8277,1
8278,0
8279,0
8280,1
8281,1
8282,1
8283,0
8284,1
8285,0
8286,0
8287,1
8288,0
8289,0
8290,1
8291,1
8292,1
8293,1
8294,0
8295,1
8296,0
8297,0
8298,0
8299,0
8300,1
8301,1
8302,1
8303,0
8304,0
8305,1
8306,0
8307,1
8308,1
8309,0
8310,0
8311,0
8312,1
8313,1
8314,0
8315,0
8316,1
8317,1
8318,1
8319,1
8320,1
8321,1
8322,1
8323,1
8324,0
8325,1
8326,1
8327,0
8328,1
8329,0
8330,1
8331,0
8332,1
8333,1
8334,0
8335,0
8336,0
8337,1
8338,1
8339,1
8340,0
8341,0
8342,1
8343,0
8344,0
8345,0
8346,0
8347,0
8348,1
8349,0
8350,0
8351,0
8352,1
8353,0
8354,1
8355,0
8356,0
8357,0
8358,0
8359,1
8360,0
8361,0
8362,0
8363,0
8364,1
8365,1
8366,0
8367,1
8368,0
8369,1
8370,0
8371,1
8372,0
8373,1
8374,0
8375,0
8376,0
8377,1
8378,1
8379,1
8380,0
8381,1
8382,1
8383,1
8384,0
8385,0
8386,0
8387,1
8388,1
8389,1
8390,1
8391,0
8392,0
8393,0
8394,0
8395,0
8396,0
8397,1
8398,1
8399,1
8400,1
8401,0
8402,1
8403,1
8404,0
8405,0
8406,1
8407,1
8408,0
8409,0
8410,1
8411,1
8412,0
8413,1
8414,0
8415,0
8416,1
8417,1
8418,0
8419,0
8420,0
8421,0
8422,0
8423,1
8424,1
8425,0
8426,1
8427,0
8428,0
8429,0
8430,0
8431,0
8432,0
8433,1
8434,0
8435,1
8436,1
8437,0
8438,0
8439,1
8440,0
8441,0
8442,0
8443,0
8444,1
8445,0
8446,1
8447,0
8448,0
8449,0
8450,0
8451,0
8452,1
8453,1
8454,0
8455,0
8456,0
8457,0
8458,0
8459,1
8460,0
8461,1
8462,1
8463,0
8464,0
8465,1
8466,0
8467,1
8468,1
8469,0
8470,1
8471,0
8472,0
8473,0
8474,0
8475,1
8476,1
8477,1
8478,0
8479,1
8480,1
8481,1
8482,1
8483,0
8484,1
8485,1
8486,0
8487,0
8488,0
8489,1
8490,1
8491,1
8492,1
8493,1
8494,0
8495,1
8496,0
8497,0
8498,0
8499,0
8500,0
8501,1
8502,1
8503,0
8504,0
8505,0
8506,1
8507,0
8508,0
8509,0
8510,1
8511,1
8512,0
8513,1
8514,0
8515,1
8516,0
8517,1
8518,0
8519,1
8520,0
8521,0
8522,1
8523,1
8524,0
8525,1
8526,0
8527,1
8528,0
8529,0
8530,0
8531,1
8532,1
8533,0
8534,1
8535,0
8536,1
8537,1
8538,1
8539,0
8540,0
8541,0
8542,0
8543,0
8544,1
8545,1
8546,0
8547,0
8548,0
8549,0
8550,0
8551,1
8552,0
8553,1
8554,0
8555,1
8556,0
8557,0
8558,1
8559,1
8560,1
8561,0
8562,0
8563,1
8564,0
8565,0
8566,0
8567,0
8568,1
8569,0
8570,1
8571,1
8572,0
8573,1
8574,1
8575,1
8576,0
8577,0
8578,0
8579,1
8580,0
8581,0
8582,1
8583,1
8584,0
8585,0
8586,1
8587,1
8588,1
8589,1
8590,1
8591,0
8592,0
8593,0
8594,0
8595,0
8596,0
8597,0
8598,1
8599,0
8600,0
8601,1
8602,1
8603,0
8604,1
8605,1
8606,1
8607,1
8608,1
8609,0
8610,0
8611,0
8612,0
8613,0
8614,1
8615,0
8616,1
8617,0
8618,1
8619,1
8620,1
8621,0
8622,0
8623,0
8624,1
8625,1
8626,1
8627,1
8628,1
8629,0
8630,0
8631,0
8632,1
8633,0
8634,0
8635,0
8636,0
8637,1
8638,1
8639,0
8640,1
8641,0
8642,1
8643,0
8644,0
8645,1
8646,0
8647,1
8648,0
8649,1
8650,0
8651,1
8652,0
8653,0
8654,1
8655,0
8656,1
8657,1
8658,1
8659,0
8660,0
8661,0
8662,1
8663,1
8664,0
8665,1
8666,1
8667,0
8668,0
8669,0
8670,0
8671,1
8672,1
8673,1
8674,0
8675,1
8676,1
8677,0
8678,0
8679,1
8680,1
8681,0
8682,1
8683,1
8684,1
8685,0
8686,1
8687,1
8688,1
8689,0
8690,0
8691,1
8692,0
8693,0
8694,0
8695,0
8696,0
8697,1
8698,0
8699,1
8700,1
8701,1
8702,1
8703,0
8704,1
8705,1
8706,1
8707,1
8708,1
8709,0
8710,1
8711,1
8712,0
8713,0
8714,1
8715,0
8716,0
8717,1
8718,1
8719,0
8720,1
8721,1
8722,0
8723,0
8724,0
8725,1
8726,0
8727,0
8728,0
8729,0
8730,0
8731,1
8732,1
8733,0
8734,0
8735,1
8736,0
8737,0
8738,1
8739,0
8740,1
8741,1
8742,0
8743,1
8744,1
8745,1
8746,1
8747,0
8748,0
8749,0
8750,0
8751,0
8752,1
8753,1
8754,0
8755,0
8756,0
8757,1
8758,0
8759,1
8760,0
8761,1
8762,0
8763,0
8764,0
8765,1
8766,1
8767,1
8768,1
8769,0
8770,1
8771,1
8772,0
8773,0
8774,0
8775,0
8776,0
8777,1
8778,0
8779,0
8780,0
8781,0
8782,0
8783,0
8784,0
8785,1
8786,0
8787,0
8788,0
8789,1
8790,0
8791,1
8792,1
8793,0
8794,0
8795,0
8796,0
8797,1
8798,0
8799,1
8800,0
8801,0
8802,0
8803,0
8804,1
8805,0
8806,1
8807,0
8808,0
8809,1
8810,0
8811,1
8812,1
8813,0
8814,0
8815,0
8816,0
8817,1
8818,0
8819,0
8820,0
8821,0
8822,1
8823,0
8824,1
8825,0
8826,1
8827,1
8828,1
8829,0
8830,0
8831,1
8832,1
8833,0
8834,1
8835,0
8836,1
8837,0
8838,0
8839,0
8840,1
8841,0
8842,0
8843,1
8844,1
8845,1
8846,1
8847,1
8848,0
8849,0
8850,1
8851,1
8852,1
8853,0
8854,0
8855,1
8856,1
8857,1
8858,1
8859,0
8860,1
8861,1
8862,0
8863,1
8864,0
8865,1
8866,0
8867,0
8868,0
8869,1
8870,0
8871,0
8872,1
8873,1
8874,1
8875,1
8876,0
8877,0
8878,0
8879,1
8880,0
8881,1
8882,1
8883,1
8884,1
8885,0
8886,1
8887,1
8888,1
8889,1
8890,1
8891,0
8892,0
8893,0
8894,0
8895,0
8896,0
8897,1
8898,0
8899,1
8900,1
8901,1
8902,1
8903,1
8904,0
8905,0
8906,1
8907,1
8908,0
8909,0
8910,0
8911,0
8912,1
8913,1
8914,0
8915,1
8916,1
8917,0
8918,0
8919,1
8920,0
8921,0
8922,1
8923,0
8924,1
8925,0
8926,0
8927,0
8928,1
8929,0
8930,0
8931,1
8932,0
8933,0
8934,1
8935,0
8936,0
8937,1
8938,0
8939,0
8940,1
8941,1
8942,0
8943,1
8944,0
8945,1
8946,1
8947,0
8948,1
8949,0
8950,0
8951,0
8952,0
8953,0
8954,0
8955,0
8956,0
8957,0
8958,1
8959,1
8960,1
8961,0
8962,1
8963,1
8964,0
8965,0
8966,0
8967,1
8968,0
8969,0
8970,0
8971,0
8972,1
8973,0
8974,0
8975,1
8976,0
8977,1
8978,1
8979,1
8980,0
8981,1
8982,0
8983,1
8984,1
8985,1
8986,1
8987,1
8988,0
8989,0
8990,1
8991,1
8992,1
8993,1
8994,0
8995,0
8996,1
8997,0
8998,0
8999,1
9000,1
9001,0
9002,1
9003,1
9004,0
9005,0
9006,1
9007,0
9008,0
9009,1
9010,0
9011,0
9012,0
9013,0
9014,0
9015,1
9016,0
9017,0
9018,0
9019,1
9020,0
9021,0
9022,1
9023,0
9024,1
9025,1
9026,0
9027,0
9028,1
9029,0
9030,1
9031,1
9032,0
9033,1
9034,1
9035,1
9036,1
9037,1
9038,0
9039,0
9040,0
9041,0
9042,0
9043,0
9044,1
9045,0
9046,0
9047,0
9048,1
9049,0
9050,1
9051,1
9052,0
9053,0
9054,1
9055,0
9056,0
9057,0
9058,0
9059,1
9060,1
9061,1
9062,0
9063,0
9064,1
9065,1
9066,1
9067,0
9068,1
9069,0
9070,0
9071,0
9072,1
9073,1
9074,0
9075,0
9076,0
9077,0
9078,1
9079,1
9080,0
9081,0
9082,0
9083,0
9084,0
9085,0
9086,1
9087,0
9088,1
9089,0
9090,1
9091,0
9092,1
9093,1
9094,1
9095,1
9096,1
9097,0
9098,0
9099,0
9100,1
9101,1
9102,0
9103,0
9104,0
9105,0
9106,0
9107,0
9108,0
9109,0
9110,0
9111,1
9112,1
9113,1
9114,1
9115,1
9116,0
9117,1
9118,0
9119,0
9120,0
9121,1
9122,0
9123,1
9124,1
9125,1
9126,1
9127,1
9128,0
9129,0
9130,0
9131,0
9132,0
9133,1
9134,0
9135,0
9136,1
9137,0
9138,1
9139,1
9140,0
9141,1
9142,0
9143,0
9144,1
9145,1
9146,0
9147,0
9148,0
9149,0
9150,0
9151,0
9152,1
9153,0
9154,0
9155,0
9156,0
9157,1
9158,1
9159,0
9160,1
9161,1
9162,1
9163,1
9164,1
9165,0
9166,0
9167,0
9168,0
9169,0
9170,0
9171,0
9172,1
9173,0
9174,1
9175,0
9176,0
9177,0
9178,1
9179,1
9180,0
9181,1
9182,0
9183,0
9184,0
9185,0
9186,0
9187,0
9188,0
9189,0
9190,1
9191,0
9192,1
9193,1
9194,0
9195,0
9196,0
9197,1
9198,0
9199,0
9200,0
9201,0
9202,1
9203,0
9204,0
9205,0
9206,1
9207,0
9208,1
9209,0
9210,0
9211,1
9212,0
9213,1
9214,0
9215,0
9216,0
9217,1
9218,0
9219,1
9220,0
9221,0
9222,0
9223,0
9224,0
9225,0
9226,1
9227,0
9228,0
9229,1
9230,0
9231,0
9232,0
9233,0
9234,0
9235,0
9236,1
9237,0
9238,0
9239,0
9240,0
9241,1
9242,0
9243,0
9244,1
9245,1
9246,1
9247,1
9248,1
9249,0
9250,1
9251,1
9252,1
9253,0
9254,1
9255,0
9256,0
9257,0
9258,0
9259,0
9260,0
9261,0
9262,0
9263,1
9264,0
9265,1
9266,0
9267,0
9268,0
9269,1
9270,0
9271,1
9272,1
9273,0
9274,0
9275,0
9276,0
9277,1
9278,1
9279,1
9280,1
9281,0
9282,0
9283,1
9284,1
9285,1
9286,0
9287,0
9288,0
9289,0
9290,0
9291,0
9292,1
9293,1
9294,1
9295,1
9296,0
9297,0
9298,0
9299,0
9300,0
9301,0
9302,1
9303,1
9304,1
9305,1
9306,1
9307,1
9308,0
9309,0
9310,1
9311,0
9312,0
9313,0
9314,0
9315,1
9316,1
9317,1
9318,0
9319,0
9320,0
9321,0
9322,0
9323,0
9324,1
9325,1
9326,0
9327,1
9328,0
9329,0
9330,0
9331,0
9332,1
9333,0
9334,1
9335,0
9336,1
9337,0
9338,1
9339,1
9340,1
9341,1
9342,1
9343,0
9344,1
9345,1
9346,0
9347,1
9348,0
9349,1
9350,1
9351,0
9352,0
9353,0
9354,1
9355,0
9356,0
9357,1
9358,0
9359,0
9360,0
9361,1
9362,1
9363,1
9364,1
9365,0
9366,0
9367,1
9368,1
9369,0
9370,1
9371,0
9372,0
9373,1
9374,1
9375,1
9376,1
9377,1
9378,1
9379,1
9380,0
9381,0
9382,0
9383,1
9384,0
9385,1
9386,1
9387,1
9388,0
9389,0
9390,0
9391,0
9392,0
9393,1
9394,1
9395,0
9396,0
9397,0
9398,1
9399,1
9400,1
9401,0
9402,0
9403,0
9404,1
9405,1
9406,0
9407,1
9408,0
9409,1
9410,1
9411,0
9412,1
9413,1
9414,0
9415,1
9416,1
9417,0
9418,1
9419,0
9420,0
9421,0
9422,1
9423,1
9424,1
9425,0
9426,0
9427,0
9428,1
9429,0
9430,1
9431,1
9432,1
9433,0
9434,0
9435,1
9436,0
9437,1
9438,0
9439,0
9440,1
9441,1
9442,1
9443,1
9444,0
9445,0
9446,0
9447,0
9448,1
9449,1
9450,0
9451,0
9452,1
9453,0
9454,1
9455,0
9456,1
9457,0
9458,0
9459,0
9460,0
9461,0
9462,0
9463,1
9464,1
9465,1
9466,1
9467,0
9468,0
9469,0
9470,1
9471,0
9472,0
9473,0
9474,1
9475,1
9476,0
9477,0
9478,0
9479,1
9480,1
9481,0
9482,1
9483,1
9484,1
9485,1
9486,1
9487,0
9488,0
9489,1
9490,0
9491,0
9492,1
9493,0
9494,1
9495,1
9496,1
9497,1
9498,1
9499,0
9500,1
9501,0
9502,1
9503,1
9504,0
9505,1
9506,0
9507,1
9508,0
9509,0
9510,0
9511,1
9512,1
9513,0
9514,0
9515,1
9516,0
9517,1
9518,1
9519,0
9520,0
9521,0
9522,1
9523,1
9524,1
9525,0
9526,0
9527,0
9528,0
9529,0
9530,1
9531,1
9532,1
9533,0
9534,1
9535,1
9536,0
9537,1
9538,1
9539,0
9540,0
9541,0
9542,0
9543,0
9544,1
9545,0
9546,1
9547,0
9548,0
9549,0
9550,1
9551,0
9552,0
9553,1
9554,0
9555,0
9556,0
9557,0
9558,0
9559,0
9560,0
9561,1
9562,0
9563,0
9564,0
9565,0
9566,1
9567,0
9568,1
9569,0
9570,0
9571,0
9572,1
9573,1
9574,1
9575,0
9576,0
9577,1
9578,0
9579,1
9580,0
9581,0
9582,0
9583,1
9584,0
9585,1
9586,0
9587,1
9588,1
9589,0
9590,1
9591,0
9592,0
9593,0
9594,0
9595,0
9596,1
9597,0
9598,0
9599,1
9600,0
9601,1
9602,1
9603,0
9604,1
9605,1
9606,1
9607,0
9608,0
9609,0
9610,0
9611,0
9612,0
9613,0
9614,0
9615,1
9616,1
9617,1
9618,1
9619,1
9620,0
9621,0
9622,0
9623,1
9624,0
9625,0
9626,0
9627,1
9628,0
9629,0
9630,1
9631,1
9632,1
9633,1
9634,0
9635,1
9636,0
9637,0
9638,1
9639,0
9640,0
9641,0
9642,0
9643,0
9644,0
9645,0
9646,1
9647,1
9648,0
9649,0
9650,0
9651,1
9652,0
9653,0
9654,1
9655,1
9656,1
9657,0
9658,0
9659,0
9660,0
9661,1
9662,1
9663,1
9664,1
9665,0
9666,0
9667,1
9668,0
9669,0
9670,1
9671,0
9672,1
9673,0
9674,0
9675,1
9676,1
9677,0
9678,0
9679,1
9680,1
9681,1
9682,0
9683,0
9684,1
9685,0
9686,0
9687,0
9688,0
9689,0
9690,1
9691,0
9692,1
9693,1
9694,1
9695,1
9696,1
9697,1
9698,0
9699,0
9700,0
9701,1
9702,0
9703,1
9704,1
9705,1
9706,1
9707,0
9708,0
9709,1
9710,0
9711,1
9712,1
9713,0
9714,1
9715,0
9716,0
9717,0
9718,1
9719,1
9720,1
9721,1
9722,0
9723,1
9724,1
9725,0
9726,1
9727,0
9728,0
9729,0
9730,0
9731,1
9732,0
9733,1
9734,0
9735,1
9736,1
9737,1
9738,1
9739,1
9740,0
9741,0
9742,0
9743,0
9744,0
9745,0
9746,1
9747,1
9748,1
9749,1
9750,1
9751,0
9752,1
9753,1
9754,0
9755,0
9756,0
9757,0
9758,0
9759,1
9760,1
9761,0
9762,1
9763,0
9764,1
9765,1
9766,1
9767,1
9768,0
9769,0
9770,0
9771,0
9772,0
9773,0
9774,0
9775,1
9776,0
9777,1
9778,0
9779,0
9780,0
9781,1
9782,1
9783,0
9784,1
9785,0
9786,1
9787,1
9788,1
9789,1
9790,0
9791,0
9792,0
9793,0
9794,0
9795,1
9796,1
9797,0
9798,0
9799,1
9800,0
9801,0
9802,1
9803,0
9804,1
9805,1
9806,1
9807,1
9808,0
9809,0
9810,0
9811,1
9812,0
9813,0
9814,0
9815,0
9816,0
9817,1
9818,1
9819,1
9820,0
9821,1
9822,0
9823,0
9824,1
9825,0
9826,1
9827,0
9828,0
9829,1
9830,0
9831,0
9832,0
9833,0
9834,0
9835,0
9836,1
9837,0
9838,0
9839,1
9840,0
9841,1
9842,1
9843,0
9844,0
9845,1
9846,0
9847,1
9848,1
9849,0
9850,0
9851,0
9852,0
9853,0
9854,0
9855,0
9856,1
9857,0
9858,1
9859,0
9860,1
9861,0
9862,0
9863,0
9864,0
9865,0
9866,0
9867,0
9868,1
9869,0
9870,1
9871,1
9872,0
9873,1
9874,0
9875,1
9876,1
9877,1
9878,0
9879,1
9880,1
9881,0
9882,0
9883,1
9884,1
9885,1
9886,0
9887,0
9888,0
9889,0
9890,1
9891,1
9892,0
9893,0
9894,0
9895,0
9896,0
9897,0
9898,1
9899,0
9900,1
9901,0
9902,0
9903,1
9904,1
9905,1
9906,0
9907,1
9908,0
9909,0
9910,1
9911,0
9912,1
9913,1
9914,0
9915,1
9916,0
9917,0
9918,1
9919,0
9920,1
9921,0
9922,1
9923,0
9924,0
9925,0
9926,0
9927,0
9928,0
9929,1
9930,0
9931,0
9932,0
9933,1
9934,0
9935,0
9936,1
9937,0
9938,0
9939,1
9940,1
9941,1
9942,0
9943,1
9944,1
9945,1
9946,0
9947,1
9948,0
9949,0
9950,0
9951,0
9952,1
9953,1
9954,0
9955,1
9956,0
9957,1
9958,0
9959,0
9960,1
9961,1
9962,1
9963,0
9964,1
9965,1
9966,1
9967,0
9968,0
9969,1
9970,0
9971,0
9972,1
9973,1
9974,0
9975,0
9976,0
9977,0
9978,1
9979,0
9980,1
9981,1
9982,1
9983,0
9984,0
9985,1
9986,0
9987,1
9988,1
9989,0
9990,1
9991,1
9992,1
9993,0
9994,0
9995,0
9996,1
9997,0
9998,1
9999,0
10000,1
